{"Year":{"0":2010,"1":2011,"2":2012,"3":2013,"4":2014,"5":2015,"6":2016,"7":2017,"8":2018,"9":2019},"6,000,001 Barrels and Over":{"0":160771860.6999999881,"1":138963353.8000000119,"2":157780750.1999999881,"3":153023498.599999994,"4":138677888.099999994,"5":136122437.400000006,"6":131659359.200000003,"7":135615117.5,"8":131336734.0,"9":125788474.0},"2,000,000 to 6,000,000 Barrels":{"0":0.0,"1":17703591.0,"2":11735116.0,"3":13394409.4100000001,"4":25151895.3200000003,"5":23939648.1700000018,"6":26452765.4299999997,"7":17288133.1999999993,"8":17410932.9699999988,"9":18344022.8299999982},"1,000,001 to 1,999,999 Barrels":{"0":15450769.0999999996,"1":13524548.3499999996,"2":6864214.0599999996,"3":4821249.2999999998,"4":6055336.2800000003,"5":4997347.6399999997,"6":4999263.9500000002,"7":4868564.0800000001,"8":6076447.3399999999,"9":6058176.2999999998},"500,001 to 1,000,000 Barrels":{"0":7138171.6399999997,"1":8448633.9900000002,"2":4654830.6399999997,"3":4797758.0899999999,"4":3836841.48,"5":5050717.1100000003,"6":4293996.9000000004,"7":6253029.0199999996,"8":5859956.25,"9":7585071.9000000004},"100,001 to 500,000 Barrels":{"0":6123725.2300000004,"1":7926808.21,"2":7810357.3399999999,"3":7637584.4100000001,"4":9093514.8200000003,"5":10645528.0999999996,"6":10469048.2200000007,"7":8792844.25,"8":8777286.2200000007,"9":8373874.8200000003},"60,001 to 100,000 Barrels":{"0":1226091.75,"1":1157839.8999999999,"2":1468172.46,"3":1824548.27,"4":1548669.55,"5":1887855.8300000001,"6":3052311.48,"7":3175932.8500000001,"8":3120044.8700000001,"9":2575065.6299999999},"30,001 to 60,000 Barrels":{"0":1544051.1000000001,"1":1754234.55,"2":2179429.5899999999,"3":2271814.7000000002,"4":2639561.5499999998,"5":2453623.1299999999,"6":2329947.3500000001,"7":2230144.5299999998,"8":2170405.4700000002,"9":2675606.3700000001},"15,001 to 30,000 Barrels":{"0":911065.75,"1":893273.36,"2":913884.27,"3":1087970.73,"4":1310960.0900000001,"5":1509411.47,"6":1577515.3899999999,"7":2062332.1399999999,"8":2124238.48,"9":2166277.8399999999},"7,501 to 15,000 Barrels":{"0":560159.34,"1":662095.46,"2":821100.64,"3":842820.0600000001,"4":1042199.42,"5":1427754.0700000001,"6":1550640.4199999999,"7":1565335.71,"8":1618340.3799999999,"9":1680544.75},"1,001 to 7,500 Barrels":{"0":1059505.1599999999,"1":1254333.75,"2":1402600.6699999999,"3":1693579.73,"4":1959533.5,"5":2242859.0899999999,"6":2461722.9900000002,"7":2656419.3599999999,"8":3058297.9500000002,"9":3151130.2599999998},"1 to 1,000 Barrels":{"0":426003.38,"1":458109.83,"2":516746.49,"3":602141.42,"4":698737.88,"5":835835.99,"6":993337.92,"7":1073977.8600000001,"8":1238268.8999999999,"9":1321901.27}}